Link URL Target,Isi,Gambar/Video,JedaAntarPost,Caption,JumlahLike,TargetTeman,TargetGrup,TargetFanspage,DurasiTonton,Brosur2,Brosur3,Brosur4,Brosur5
abc,"Segera Hubungi & Dapatkan Harga Promo Pom Mini Digital Sekarang Juga !!
SUDAH TERJUAL diseluruh kota di indonesia
- Tersedia 6 Model Pom mini BBM Dan Minyak Goreng
? 1 Nozzle 110 Liter
? 1 Nozzle 210 Liter
? 2 Nozzel 110 Liter
? 2 Nozzel 210 Liter
? 3 Nozle  110 Liter
? 3 Nozle  210 Liter
? Langsung dari pabriknya 
? Pembayaran bisa COD
? Dapet Bonus
? Mesin terbaru berkualitas
? Custom nama
? Custom warna 

WA 085645754384
#pomminitermurah
#pomminipertamini
#pertaminimurah
#pertaminitermurah
#pomminiterbaik
#pomminiterlaris
#hargapommini
#hargapertamini
#pomminitermurah
#pertaminiterbaik
#pomminimurah
#pertaminimurah",F:\Gambar Pom Mini\Pom Mini\STOK FOTO\2024\10\2.3.png,20,"Segera Hubungi & Dapatkan Harga Promo Pom Mini Digital Sekarang Juga !!
SUDAH TERJUAL diseluruh kota di indonesia
- Tersedia 6 Model Pom mini BBM Dan Minyak Goreng
? 1 Nozzle 110 Liter
? 1 Nozzle 210 Liter
? 2 Nozzel 110 Liter
? 2 Nozzel 210 Liter
? 3 Nozle  110 Liter
? 3 Nozle  210 Liter
? Langsung dari pabriknya 
? Pembayaran bisa COD
? Dapet Bonus
? Mesin terbaru berkualitas
? Custom nama
? Custom warna 

WA 085645754384
#pomminitermurah
#pomminipertamini
#pertaminimurah
#pertaminitermurah
#pomminiterbaik
#pomminiterlaris
#hargapommini
#hargapertamini
#pomminitermurah
#pertaminiterbaik
#pomminimurah
#pertaminimurah",1,irfan,jual beli elektronik,daily quotes,5,F:\Gambar Pom Mini\Pom Mini\STOK FOTO\2024\10\2.3.png,,,
