Judul,Harga Normal,Harga Diskon,Kategori,Kondisi,Deskripsi,Label,Kota Target,Gambar1,Gambar2,Gambar3,Gambar4,Gambar5,Jeda,
"Pom Mini Pertalite, Pom Mini Sriwijaya, Pom Mini Tabung, Pom Mini Terbaru, Pom Mini Pekanbaru",0,0,Peralatan,Baru,"agen pom mini termurah, pom mini, pertamini, pom mini 1 nozle, pom mini 2 nozle Pabrik Pom mini digital ""ELMARITSA DIGITAL""",ed,"Bengkalis, Riau, Indonesia",D:\15\1.jpg,,,,,20,.jpg
"Pom Mini Pertalite, Pom Mini Sriwijaya, Pom Mini Tabung, Pom Mini Terbaru, Pom Mini Pekanbaru",0,0,Peralatan,Baru,"agen pom mini termurah, pom mini, pertamini, pom mini 1 nozle, pom mini 2 nozle Pabrik Pom mini digital ""ELMARITSA DIGITAL""",ed,"Pelalawan, Riau, Indonesia",D:\15\2.jpg,,,,,20,.jpg
"Pom Mini Pertalite, Pom Mini Sriwijaya, Pom Mini Tabung, Pom Mini Terbaru, Pom Mini Pekanbaru",0,0,Peralatan,Baru,"agen pom mini termurah, pom mini, pertamini, pom mini 1 nozle, pom mini 2 nozle Pabrik Pom mini digital ""ELMARITSA DIGITAL""",ed,"Sinaboi, Rokan Hilir",D:\15\3.jpg,,,,,20,.jpg
"Pom Mini Pertalite, Pom Mini Sriwijaya, Pom Mini Tabung, Pom Mini Terbaru, Pom Mini Pekanbaru",0,0,Peralatan,Baru,"agen pom mini termurah, pom mini, pertamini, pom mini 1 nozle, pom mini 2 nozle Pabrik Pom mini digital ""ELMARITSA DIGITAL""",ed,"Panipahan, Pasir Limau Kapas, Rokan Hilir",D:\15\4.jpg,,,,,20,.jpg
"Pom Mini Pertalite, Pom Mini Sriwijaya, Pom Mini Tabung, Pom Mini Terbaru, Pom Mini Pekanbaru",0,0,Peralatan,Baru,"agen pom mini termurah, pom mini, pertamini, pom mini 1 nozle, pom mini 2 nozle Pabrik Pom mini digital ""ELMARITSA DIGITAL""",ed,Pekanbaru,D:\15\5.jpg,,,,,20,.jpg
"Pom Mini Pertalite, Pom Mini Sriwijaya, Pom Mini Tabung, Pom Mini Terbaru, Pom Mini Pekanbaru",0,0,Peralatan,Baru,"agen pom mini termurah, pom mini, pertamini, pom mini 1 nozle, pom mini 2 nozle Pabrik Pom mini digital ""ELMARITSA DIGITAL""",ed,"Cinta Raja, Sail, Pekanbaru",D:\15\6.jpg,,,,,20,.jpg
"Pom Mini Pertalite, Pom Mini Sriwijaya, Pom Mini Tabung, Pom Mini Terbaru, Pom Mini Pekanbaru",0,0,Peralatan,Baru,"agen pom mini termurah, pom mini, pertamini, pom mini 1 nozle, pom mini 2 nozle Pabrik Pom mini digital ""ELMARITSA DIGITAL""",ed,"Kota Tinggi, Pekanbaru Kota, Kota Pekanbaru",D:\15\7.jpg,,,,,20,.jpg
"Pom Mini Pertalite, Pom Mini Sriwijaya, Pom Mini Tabung, Pom Mini Terbaru, Pom Mini Pekanbaru",0,0,Peralatan,Baru,"agen pom mini termurah, pom mini, pertamini, pom mini 1 nozle, pom mini 2 nozle Pabrik Pom mini digital ""ELMARITSA DIGITAL""",ed,"Sumahilang, Pekanbaru Kota",D:\15\8.jpg,,,,,20,.jpg
"Pom Mini Pertalite, Pom Mini Sriwijaya, Pom Mini Tabung, Pom Mini Terbaru, Pom Mini Pekanbaru",0,0,Peralatan,Baru,"agen pom mini termurah, pom mini, pertamini, pom mini 1 nozle, pom mini 2 nozle Pabrik Pom mini digital ""ELMARITSA DIGITAL""",ed,"Air Hitam, Payung Sekaki, Pekanbaru",D:\15\9.jpg,,,,,20,.jpg
"Pom Mini Pertalite, Pom Mini Sriwijaya, Pom Mini Tabung, Pom Mini Terbaru, Pom Mini Pekanbaru",0,0,Peralatan,Baru,"agen pom mini termurah, pom mini, pertamini, pom mini 1 nozle, pom mini 2 nozle Pabrik Pom mini digital ""ELMARITSA DIGITAL""",ed,"Lingga, Riau, Indonesia",D:\15\10.jpg,,,,,20,.jpg
"Pom Mini Pertalite, Pom Mini Sriwijaya, Pom Mini Tabung, Pom Mini Terbaru, Pom Mini Pekanbaru",0,0,Peralatan,Baru,"agen pom mini termurah, pom mini, pertamini, pom mini 1 nozle, pom mini 2 nozle Pabrik Pom mini digital ""ELMARITSA DIGITAL""",ed,"Tanjung Pinang, Kepulauan Riau",D:\15\11.jpg,,,,,20,.jpg
"Pom Mini Pertalite, Pom Mini Sriwijaya, Pom Mini Tabung, Pom Mini Terbaru, Pom Mini Pekanbaru",0,0,Peralatan,Baru,"agen pom mini termurah, pom mini, pertamini, pom mini 1 nozle, pom mini 2 nozle Pabrik Pom mini digital ""ELMARITSA DIGITAL""",ed,Kota Tanjungpinang,D:\15\12.jpg,,,,,20,.jpg
"Pom Mini Pertalite, Pom Mini Sriwijaya, Pom Mini Tabung, Pom Mini Terbaru, Pom Mini Pekanbaru",0,0,Peralatan,Baru,"agen pom mini termurah, pom mini, pertamini, pom mini 1 nozle, pom mini 2 nozle Pabrik Pom mini digital ""ELMARITSA DIGITAL""",ed,Teluk Lingga,D:\15\13.jpg,,,,,20,.jpg
"Pom Mini Pertalite, Pom Mini Sriwijaya, Pom Mini Tabung, Pom Mini Terbaru, Pom Mini Pekanbaru",0,0,Peralatan,Baru,"agen pom mini termurah, pom mini, pertamini, pom mini 1 nozle, pom mini 2 nozle Pabrik Pom mini digital ""ELMARITSA DIGITAL""",ed,"Lahat, Sumatera Selatan, Indonesia",D:\15\14.jpg,,,,,20,.jpg
"Pom Mini Pertalite, Pom Mini Sriwijaya, Pom Mini Tabung, Pom Mini Terbaru, Pom Mini Pekanbaru",0,0,Peralatan,Baru,"agen pom mini termurah, pom mini, pertamini, pom mini 1 nozle, pom mini 2 nozle Pabrik Pom mini digital ""ELMARITSA DIGITAL""",ed,Kota Lubuklinggau,D:\15\15.jpg,,,,,20,.jpg
"Pom Mini Pertalite, Pom Mini Sriwijaya, Pom Mini Tabung, Pom Mini Terbaru, Pom Mini Pekanbaru",0,0,Peralatan,Baru,"agen pom mini termurah, pom mini, pertamini, pom mini 1 nozle, pom mini 2 nozle Pabrik Pom mini digital ""ELMARITSA DIGITAL""",ed,Kota Pagar Alam,D:\15\16.jpg,,,,,20,.jpg
"Pom Mini Pertalite, Pom Mini Sriwijaya, Pom Mini Tabung, Pom Mini Terbaru, Pom Mini Pekanbaru",0,0,Peralatan,Baru,"agen pom mini termurah, pom mini, pertamini, pom mini 1 nozle, pom mini 2 nozle Pabrik Pom mini digital ""ELMARITSA DIGITAL""",ed,Palembang,D:\15\17.jpg,,,,,20,.jpg
"Pom Mini Pertalite, Pom Mini Sriwijaya, Pom Mini Tabung, Pom Mini Terbaru, Pom Mini Pekanbaru",0,0,Peralatan,Baru,"agen pom mini termurah, pom mini, pertamini, pom mini 1 nozle, pom mini 2 nozle Pabrik Pom mini digital ""ELMARITSA DIGITAL""",ed,"Silaberanti, Plaju Palembang",D:\15\18.jpg,,,,,20,.jpg
"Pom Mini Pertalite, Pom Mini Sriwijaya, Pom Mini Tabung, Pom Mini Terbaru, Pom Mini Pekanbaru",0,0,Peralatan,Baru,"agen pom mini termurah, pom mini, pertamini, pom mini 1 nozle, pom mini 2 nozle Pabrik Pom mini digital ""ELMARITSA DIGITAL""",ed,"30 Ilir, Ilir Barat II, Palembang",D:\15\19.jpg,,,,,20,.jpg
"Pom Mini Pertalite, Pom Mini Sriwijaya, Pom Mini Tabung, Pom Mini Terbaru, Pom Mini Pekanbaru",0,0,Peralatan,Baru,"agen pom mini termurah, pom mini, pertamini, pom mini 1 nozle, pom mini 2 nozle Pabrik Pom mini digital ""ELMARITSA DIGITAL""",ed,"32 Ilir, Ilir Barat II, Palembang",D:\15\20.jpg,,,,,20,.jpg
"Pom Mini Pertalite, Pom Mini Sriwijaya, Pom Mini Tabung, Pom Mini Terbaru, Pom Mini Pekanbaru",0,0,Peralatan,Baru,"agen pom mini termurah, pom mini, pertamini, pom mini 1 nozle, pom mini 2 nozle Pabrik Pom mini digital ""ELMARITSA DIGITAL""",ed,"35 Ilir, Ilir Barat II, Palembang",D:\15\21.jpg,,,,,20,.jpg
"Pom Mini Pertalite, Pom Mini Sriwijaya, Pom Mini Tabung, Pom Mini Terbaru, Pom Mini Pekanbaru",0,0,Peralatan,Baru,"agen pom mini termurah, pom mini, pertamini, pom mini 1 nozle, pom mini 2 nozle Pabrik Pom mini digital ""ELMARITSA DIGITAL""",ed,Kota Prabumulih,D:\15\22.jpg,,,,,20,.jpg
"Pom Mini Pertalite, Pom Mini Sriwijaya, Pom Mini Tabung, Pom Mini Terbaru, Pom Mini Pekanbaru",0,0,Peralatan,Baru,"agen pom mini termurah, pom mini, pertamini, pom mini 1 nozle, pom mini 2 nozle Pabrik Pom mini digital ""ELMARITSA DIGITAL""",ed,"Riau Silip, Bangka",D:\15\23.jpg,,,,,20,.jpg
"Pom Mini Pertalite, Pom Mini Sriwijaya, Pom Mini Tabung, Pom Mini Terbaru, Pom Mini Pekanbaru",0,0,Peralatan,Baru,"agen pom mini termurah, pom mini, pertamini, pom mini 1 nozle, pom mini 2 nozle Pabrik Pom mini digital ""ELMARITSA DIGITAL""",ed,"Sungailiat, Bangka",D:\15\24.jpg,,,,,20,.jpg
"Pom Mini Pertalite, Pom Mini Sriwijaya, Pom Mini Tabung, Pom Mini Terbaru, Pom Mini Pekanbaru",0,0,Peralatan,Baru,"agen pom mini termurah, pom mini, pertamini, pom mini 1 nozle, pom mini 2 nozle Pabrik Pom mini digital ""ELMARITSA DIGITAL""",ed,"Pangkalpinang, Kepulauan Bangka Belitung",D:\15\25.jpg,,,,,20,.jpg
"Pom Mini Pertalite, Pom Mini Sriwijaya, Pom Mini Tabung, Pom Mini Terbaru, Pom Mini Pekanbaru",0,0,Peralatan,Baru,"agen pom mini termurah, pom mini, pertamini, pom mini 1 nozle, pom mini 2 nozle Pabrik Pom mini digital ""ELMARITSA DIGITAL""",ed,"Tanjungpandan, Belitung",D:\15\26.jpg,,,,,20,.jpg
"Pom Mini Pertalite, Pom Mini Sriwijaya, Pom Mini Tabung, Pom Mini Terbaru, Pom Mini Pekanbaru",0,0,Peralatan,Baru,"agen pom mini termurah, pom mini, pertamini, pom mini 1 nozle, pom mini 2 nozle Pabrik Pom mini digital ""ELMARITSA DIGITAL""",ed,"Pondok-tengah, Bengkulu",D:\15\27.jpg,,,,,20,.jpg
"Pom Mini Pertalite, Pom Mini Sriwijaya, Pom Mini Tabung, Pom Mini Terbaru, Pom Mini Pekanbaru",0,0,Peralatan,Baru,"agen pom mini termurah, pom mini, pertamini, pom mini 1 nozle, pom mini 2 nozle Pabrik Pom mini digital ""ELMARITSA DIGITAL""",ed,"Kepahiang, Bengkulu, Indonesia",D:\15\28.jpg,,,,,20,.jpg
"Pom Mini Pertalite, Pom Mini Sriwijaya, Pom Mini Tabung, Pom Mini Terbaru, Pom Mini Pekanbaru",0,0,Peralatan,Baru,"agen pom mini termurah, pom mini, pertamini, pom mini 1 nozle, pom mini 2 nozle Pabrik Pom mini digital ""ELMARITSA DIGITAL""",ed,Rejang Lebong,D:\15\29.jpg,,,,,20,.jpg
"Pom Mini Pertalite, Pom Mini Sriwijaya, Pom Mini Tabung, Pom Mini Terbaru, Pom Mini Pekanbaru",0,0,Peralatan,Baru,"agen pom mini termurah, pom mini, pertamini, pom mini 1 nozle, pom mini 2 nozle Pabrik Pom mini digital ""ELMARITSA DIGITAL""",ed,"Seluma, Bengkulu, Indonesia",D:\15\30.jpg,,,,,20,.jpg
"Pom Mini Pertalite, Pom Mini Sriwijaya, Pom Mini Tabung, Pom Mini Terbaru, Pom Mini Pekanbaru",0,0,Peralatan,Baru,"agen pom mini termurah, pom mini, pertamini, pom mini 1 nozle, pom mini 2 nozle Pabrik Pom mini digital ""ELMARITSA DIGITAL""",ed,"Bengkulu, Bengkulu",D:\15\31.jpg,,,,,20,.jpg
"Pom Mini Pertalite, Pom Mini Sriwijaya, Pom Mini Tabung, Pom Mini Terbaru, Pom Mini Pekanbaru",0,0,Peralatan,Baru,"agen pom mini termurah, pom mini, pertamini, pom mini 1 nozle, pom mini 2 nozle Pabrik Pom mini digital ""ELMARITSA DIGITAL""",ed,"Curup, Bengkulu, Indonesia",D:\15\32.jpg,,,,,20,.jpg
"Pom Mini Pertalite, Pom Mini Sriwijaya, Pom Mini Tabung, Pom Mini Terbaru, Pom Mini Pekanbaru",0,0,Peralatan,Baru,"agen pom mini termurah, pom mini, pertamini, pom mini 1 nozle, pom mini 2 nozle Pabrik Pom mini digital ""ELMARITSA DIGITAL""",ed,"Manna, Bengkulu, Indonesia",D:\15\33.jpg,,,,,20,.jpg
"Pom Mini Pertalite, Pom Mini Sriwijaya, Pom Mini Tabung, Pom Mini Terbaru, Pom Mini Pekanbaru",0,0,Peralatan,Baru,"agen pom mini termurah, pom mini, pertamini, pom mini 1 nozle, pom mini 2 nozle Pabrik Pom mini digital ""ELMARITSA DIGITAL""",ed,"Tais, Bengkulu, Indonesia",D:\15\34.jpg,,,,,20,.jpg
"Pom Mini Pertalite, Pom Mini Sriwijaya, Pom Mini Tabung, Pom Mini Terbaru, Pom Mini Pekanbaru",0,0,Peralatan,Baru,"agen pom mini termurah, pom mini, pertamini, pom mini 1 nozle, pom mini 2 nozle Pabrik Pom mini digital ""ELMARITSA DIGITAL""",ed,Lampung Barat,D:\15\35.jpg,,,,,20,.jpg
"Pom Mini Pertalite, Pom Mini Sriwijaya, Pom Mini Tabung, Pom Mini Terbaru, Pom Mini Pekanbaru",0,0,Peralatan,Baru,"agen pom mini termurah, pom mini, pertamini, pom mini 1 nozle, pom mini 2 nozle Pabrik Pom mini digital ""ELMARITSA DIGITAL""",ed,Panjang Selatan,D:\15\36.jpg,,,,,20,.jpg
"Pom Mini Pertalite, Pom Mini Sriwijaya, Pom Mini Tabung, Pom Mini Terbaru, Pom Mini Pekanbaru",0,0,Peralatan,Baru,"agen pom mini termurah, pom mini, pertamini, pom mini 1 nozle, pom mini 2 nozle Pabrik Pom mini digital ""ELMARITSA DIGITAL""",ed,"Panjang Utara, Panjang",D:\15\37.jpg,,,,,20,.jpg
"Pom Mini Pertalite, Pom Mini Sriwijaya, Pom Mini Tabung, Pom Mini Terbaru, Pom Mini Pekanbaru",0,0,Peralatan,Baru,"agen pom mini termurah, pom mini, pertamini, pom mini 1 nozle, pom mini 2 nozle Pabrik Pom mini digital ""ELMARITSA DIGITAL""",ed,"Pringsewu, Lampung, Indonesia",D:\15\38.jpg,,,,,20,.jpg
"Pom Mini Pertalite, Pom Mini Sriwijaya, Pom Mini Tabung, Pom Mini Terbaru, Pom Mini Pekanbaru",0,0,Peralatan,Baru,"agen pom mini termurah, pom mini, pertamini, pom mini 1 nozle, pom mini 2 nozle Pabrik Pom mini digital ""ELMARITSA DIGITAL""",ed,Bandar Lampung,D:\15\39.jpg,,,,,20,.jpg
"Pom Mini Pertalite, Pom Mini Sriwijaya, Pom Mini Tabung, Pom Mini Terbaru, Pom Mini Pekanbaru",0,0,Peralatan,Baru,"agen pom mini termurah, pom mini, pertamini, pom mini 1 nozle, pom mini 2 nozle Pabrik Pom mini digital ""ELMARITSA DIGITAL""",ed,"Pahoman, Bandar Lampung",D:\15\40.jpg,,,,,20,.jpg
"Pom Mini Pertalite, Pom Mini Sriwijaya, Pom Mini Tabung, Pom Mini Terbaru, Pom Mini Pekanbaru",0,0,Peralatan,Baru,"agen pom mini termurah, pom mini, pertamini, pom mini 1 nozle, pom mini 2 nozle Pabrik Pom mini digital ""ELMARITSA DIGITAL""",ed,"Metro, Lampung, Indonesia",D:\15\41.jpg,,,,,20,.jpg
