Babat Jerawat,Babat,"Babat Jerawat, East Java 路 1.773 orang pernah singgah di sini"
"Babat, Jawa Timur, Indonesia",Babat,Kota
"Bluluk, Jawa Timur, Indonesia",Bluluk,Kota
"Brondong, Jawa Timur, Indonesia",Brondong,Kota
"Deket-wetan, East Java",Deket,"Deket-wetan, East Java 路 4.061 orang pernah singgah di sini"
"Glagah, Jawa Timur, Indonesia",Glagah,Kota
"Kalitengah, Jawa Timur, Indonesia",Kalitengah,Kota
"Karangbinangun, East Java",Karangbinangun,"Karangbinangun, East Java 路 5.403 orang pernah singgah di sini"
"Karanggeneng, Jawa Timur, Indonesia",Karanggeneng,Kota
"Kembangbahu, Jawa Timur, Indonesia",Kembangbahu,Kota
"Kedungpring, Jawa Timur, Indonesia",Kedungpring,Kota
Lamongan,Lamongan,Kota
"Laren, Jawa Timur, Indonesia",Laren,Kota
"Maduran, Jawa Timur, Indonesia",Maduran,Kota
"Mantup, Jawa Timur, Indonesia",Mantup,Kota
"Modo, Jawa Timur, Indonesia",Modo,Kota
"Ngimbang, Jawa Timur, Indonesia",Ngimbang,Kota
"Paciran, Jawa Timur, Indonesia",Paciran,Kota
"Pucuk, Jawa Timur, Indonesia",Pucuk,Kota
"Sambeng, Jawa Timur, Indonesia",Sambeng,Kota
"Sekaran, Jawa Timur, Indonesia",Sekaran,Kota
"Sugio, Jawa Timur, Indonesia",Sugio,Kota
"Sukodadi, Jawa Timur, Indonesia",Sukodadi,Kota
Sukorame,Sukorame,"Sukorame, East Java 路 991 orang pernah singgah di sini"
"Tikung, Jawa Timur, Indonesia",Tikung,Kota
