Judul,Harga Normal,Harga Diskon,Kategori,Kondisi,Deskripsi,Label,Kota Target,Gambar1,Gambar2,Gambar3,Gambar4,Gambar5,Jeda
"085645754384, Pom Mini Murah, Produsen Pom Mini Digital",0,0,Peralatan,Baru,"agen pom mini termurah, pom mini, pertamini, pom mini 1 nozle, pom mini 2 nozle Pabrik Pom mini digital ""ELMARITSA DIGITAL""",ed,"Ambulu, Jawa Timur, Indonesia",F:\Gambar Pom Mini\Pom Mini\STOK FOTO\2024\1.3.png,,,,,20
"085645754384, Pom Mini Murah, Produsen Pom Mini Digital",0,0,Peralatan,Baru,"agen pom mini termurah, pom mini, pertamini, pom mini 1 nozle, pom mini 2 nozle Pabrik Pom mini digital ""ELMARITSA DIGITAL""",ed,"Bangsalsari, East Java",F:\Gambar Pom Mini\Pom Mini\STOK FOTO\2024\1.3.png,,,,,20
"085645754384, Pom Mini Murah, Produsen Pom Mini Digital",0,0,Peralatan,Baru,"agen pom mini termurah, pom mini, pertamini, pom mini 1 nozle, pom mini 2 nozle Pabrik Pom mini digital ""ELMARITSA DIGITAL""",ed,"Balung-Lor, Jawa Timur, Indonesia",F:\Gambar Pom Mini\Pom Mini\STOK FOTO\2024\1.3.png,,,,,20
"085645754384, Pom Mini Murah, Produsen Pom Mini Digital",0,0,Peralatan,Baru,"agen pom mini termurah, pom mini, pertamini, pom mini 1 nozle, pom mini 2 nozle Pabrik Pom mini digital ""ELMARITSA DIGITAL""",ed,"Jelbuk, Jawa Timur, Indonesia",F:\Gambar Pom Mini\Pom Mini\STOK FOTO\2024\1.3.png,,,,,20
"085645754384, Pom Mini Murah, Produsen Pom Mini Digital",0,0,Peralatan,Baru,"agen pom mini termurah, pom mini, pertamini, pom mini 1 nozle, pom mini 2 nozle Pabrik Pom mini digital ""ELMARITSA DIGITAL""",ed,"Jenggawah, Jawa Timur, Indonesia",F:\Gambar Pom Mini\Pom Mini\STOK FOTO\2024\1.3.png,,,,,20
"085645754384, Pom Mini Murah, Produsen Pom Mini Digital",0,0,Peralatan,Baru,"agen pom mini termurah, pom mini, pertamini, pom mini 1 nozle, pom mini 2 nozle Pabrik Pom mini digital ""ELMARITSA DIGITAL""",ed,"Kencong, Jawa Timur, Indonesia",F:\Gambar Pom Mini\Pom Mini\STOK FOTO\2024\1.3.png,,,,,20
"085645754384, Pom Mini Murah, Produsen Pom Mini Digital",0,0,Peralatan,Baru,"agen pom mini termurah, pom mini, pertamini, pom mini 1 nozle, pom mini 2 nozle Pabrik Pom mini digital ""ELMARITSA DIGITAL""",ed,"Ledokombo, Jawa Timur, Indonesia",F:\Gambar Pom Mini\Pom Mini\STOK FOTO\2024\1.3.png,,,,,20
"085645754384, Pom Mini Murah, Produsen Pom Mini Digital",0,0,Peralatan,Baru,"agen pom mini termurah, pom mini, pertamini, pom mini 1 nozle, pom mini 2 nozle Pabrik Pom mini digital ""ELMARITSA DIGITAL""",ed,"Mayang, Jawa Timur, Indonesia",F:\Gambar Pom Mini\Pom Mini\STOK FOTO\2024\1.3.png,,,,,20
"085645754384, Pom Mini Murah, Produsen Pom Mini Digital",0,0,Peralatan,Baru,"agen pom mini termurah, pom mini, pertamini, pom mini 1 nozle, pom mini 2 nozle Pabrik Pom mini digital ""ELMARITSA DIGITAL""",ed,"Mumbulsari, Jawa Timur, Indonesia",F:\Gambar Pom Mini\Pom Mini\STOK FOTO\2024\1.3.png,,,,,20
"085645754384, Pom Mini Murah, Produsen Pom Mini Digital",0,0,Peralatan,Baru,"agen pom mini termurah, pom mini, pertamini, pom mini 1 nozle, pom mini 2 nozle Pabrik Pom mini digital ""ELMARITSA DIGITAL""",ed,"Panti, Jawa Timur, Indonesia",F:\Gambar Pom Mini\Pom Mini\STOK FOTO\2024\1.3.png,,,,,20
"085645754384, Pom Mini Murah, Produsen Pom Mini Digital",0,0,Peralatan,Baru,"agen pom mini termurah, pom mini, pertamini, pom mini 1 nozle, pom mini 2 nozle Pabrik Pom mini digital ""ELMARITSA DIGITAL""",ed,"Patrang, Jawa Timur",F:\Gambar Pom Mini\Pom Mini\STOK FOTO\2024\1.3.png,,,,,20
"085645754384, Pom Mini Murah, Produsen Pom Mini Digital",0,0,Peralatan,Baru,"agen pom mini termurah, pom mini, pertamini, pom mini 1 nozle, pom mini 2 nozle Pabrik Pom mini digital ""ELMARITSA DIGITAL""",ed,"Puger, Jawa Timur, Indonesia",F:\Gambar Pom Mini\Pom Mini\STOK FOTO\2024\1.3.png,,,,,20
"085645754384, Pom Mini Murah, Produsen Pom Mini Digital",0,0,Peralatan,Baru,"agen pom mini termurah, pom mini, pertamini, pom mini 1 nozle, pom mini 2 nozle Pabrik Pom mini digital ""ELMARITSA DIGITAL""",ed,"Rambipuji, Jawa Timur, Indonesia",F:\Gambar Pom Mini\Pom Mini\STOK FOTO\2024\1.3.png,,,,,20
"085645754384, Pom Mini Murah, Produsen Pom Mini Digital",0,0,Peralatan,Baru,"agen pom mini termurah, pom mini, pertamini, pom mini 1 nozle, pom mini 2 nozle Pabrik Pom mini digital ""ELMARITSA DIGITAL""",ed,"Semboro, Jawa Timur, Indonesia",F:\Gambar Pom Mini\Pom Mini\STOK FOTO\2024\1.3.png,,,,,20
"085645754384, Pom Mini Murah, Produsen Pom Mini Digital",0,0,Peralatan,Baru,"agen pom mini termurah, pom mini, pertamini, pom mini 1 nozle, pom mini 2 nozle Pabrik Pom mini digital ""ELMARITSA DIGITAL""",ed,"Sukowono, Jawa Timur, Indonesia",F:\Gambar Pom Mini\Pom Mini\STOK FOTO\2024\1.3.png,,,,,20
"085645754384, Pom Mini Murah, Produsen Pom Mini Digital",0,0,Peralatan,Baru,"agen pom mini termurah, pom mini, pertamini, pom mini 1 nozle, pom mini 2 nozle Pabrik Pom mini digital ""ELMARITSA DIGITAL""",ed,"Sumberbaru, East Java",F:\Gambar Pom Mini\Pom Mini\STOK FOTO\2024\1.3.png,,,,,20
"085645754384, Pom Mini Murah, Produsen Pom Mini Digital",0,0,Peralatan,Baru,"agen pom mini termurah, pom mini, pertamini, pom mini 1 nozle, pom mini 2 nozle Pabrik Pom mini digital ""ELMARITSA DIGITAL""",ed,"Umbulsari, Jawa Timur, Indonesia",F:\Gambar Pom Mini\Pom Mini\STOK FOTO\2024\1.3.png,,,,,20
"085645754384, Pom Mini Murah, Produsen Pom Mini Digital",0,0,Peralatan,Baru,"agen pom mini termurah, pom mini, pertamini, pom mini 1 nozle, pom mini 2 nozle Pabrik Pom mini digital ""ELMARITSA DIGITAL""",ed,"Wuluhan, Jawa Timur, Indonesia",F:\Gambar Pom Mini\Pom Mini\STOK FOTO\2024\1.3.png,,,,,20
"085645754384, Pom Mini Murah, Produsen Pom Mini Digital",0,0,Peralatan,Baru,"agen pom mini termurah, pom mini, pertamini, pom mini 1 nozle, pom mini 2 nozle Pabrik Pom mini digital ""ELMARITSA DIGITAL""",ed,"Bantaran, Jawa Timur, Indonesia",F:\Gambar Pom Mini\Pom Mini\STOK FOTO\2024\1.3.png,,,,,20
"085645754384, Pom Mini Murah, Produsen Pom Mini Digital",0,0,Peralatan,Baru,"agen pom mini termurah, pom mini, pertamini, pom mini 1 nozle, pom mini 2 nozle Pabrik Pom mini digital ""ELMARITSA DIGITAL""",ed,"Dringu, Jawa Timur, Indonesia",F:\Gambar Pom Mini\Pom Mini\STOK FOTO\2024\1.3.png,,,,,20
"085645754384, Pom Mini Murah, Produsen Pom Mini Digital",0,0,Peralatan,Baru,"agen pom mini termurah, pom mini, pertamini, pom mini 1 nozle, pom mini 2 nozle Pabrik Pom mini digital ""ELMARITSA DIGITAL""",ed,"Kraksaan, Jawa Timur, Indonesia",F:\Gambar Pom Mini\Pom Mini\STOK FOTO\2024\1.3.png,,,,,20
"085645754384, Pom Mini Murah, Produsen Pom Mini Digital",0,0,Peralatan,Baru,"agen pom mini termurah, pom mini, pertamini, pom mini 1 nozle, pom mini 2 nozle Pabrik Pom mini digital ""ELMARITSA DIGITAL""",ed,"Krejengan, Jawa Timur, Indonesia",F:\Gambar Pom Mini\Pom Mini\STOK FOTO\2024\1.3.png,,,,,20
"085645754384, Pom Mini Murah, Produsen Pom Mini Digital",0,0,Peralatan,Baru,"agen pom mini termurah, pom mini, pertamini, pom mini 1 nozle, pom mini 2 nozle Pabrik Pom mini digital ""ELMARITSA DIGITAL""",ed,"Krucil, Jawa Timur, Indonesia",F:\Gambar Pom Mini\Pom Mini\STOK FOTO\2024\1.3.png,,,,,20
"085645754384, Pom Mini Murah, Produsen Pom Mini Digital",0,0,Peralatan,Baru,"agen pom mini termurah, pom mini, pertamini, pom mini 1 nozle, pom mini 2 nozle Pabrik Pom mini digital ""ELMARITSA DIGITAL""",ed,"Leces, Jawa Timur, Indonesia",F:\Gambar Pom Mini\Pom Mini\STOK FOTO\2024\1.3.png,,,,,20
"085645754384, Pom Mini Murah, Produsen Pom Mini Digital",0,0,Peralatan,Baru,"agen pom mini termurah, pom mini, pertamini, pom mini 1 nozle, pom mini 2 nozle Pabrik Pom mini digital ""ELMARITSA DIGITAL""",ed,"Paiton, Jawa Timur, Indonesia",F:\Gambar Pom Mini\Pom Mini\STOK FOTO\2024\1.3.png,,,,,20
"085645754384, Pom Mini Murah, Produsen Pom Mini Digital",0,0,Peralatan,Baru,"agen pom mini termurah, pom mini, pertamini, pom mini 1 nozle, pom mini 2 nozle Pabrik Pom mini digital ""ELMARITSA DIGITAL""",ed,"Pakuniran, Jawa Timur, Indonesia",F:\Gambar Pom Mini\Pom Mini\STOK FOTO\2024\1.3.png,,,,,20
"085645754384, Pom Mini Murah, Produsen Pom Mini Digital",0,0,Peralatan,Baru,"agen pom mini termurah, pom mini, pertamini, pom mini 1 nozle, pom mini 2 nozle Pabrik Pom mini digital ""ELMARITSA DIGITAL""",ed,"Pajarakan-Kulon, Jawa Timur, Indonesia",F:\Gambar Pom Mini\Pom Mini\STOK FOTO\2024\1.3.png,,,,,20
"085645754384, Pom Mini Murah, Produsen Pom Mini Digital",0,0,Peralatan,Baru,"agen pom mini termurah, pom mini, pertamini, pom mini 1 nozle, pom mini 2 nozle Pabrik Pom mini digital ""ELMARITSA DIGITAL""",ed,"Tiris, Jawa Timur, Indonesia",F:\Gambar Pom Mini\Pom Mini\STOK FOTO\2024\1.3.png,,,,,20
"085645754384, Pom Mini Murah, Produsen Pom Mini Digital",0,0,Peralatan,Baru,"agen pom mini termurah, pom mini, pertamini, pom mini 1 nozle, pom mini 2 nozle Pabrik Pom mini digital ""ELMARITSA DIGITAL""",ed,"Tongas, Jawa Timur, Indonesia",F:\Gambar Pom Mini\Pom Mini\STOK FOTO\2024\1.3.png,,,,,20
"085645754384, Pom Mini Murah, Produsen Pom Mini Digital",0,0,Peralatan,Baru,"agen pom mini termurah, pom mini, pertamini, pom mini 1 nozle, pom mini 2 nozle Pabrik Pom mini digital ""ELMARITSA DIGITAL""",ed,"Candipuro, Jawa Timur, Indonesia",F:\Gambar Pom Mini\Pom Mini\STOK FOTO\2024\1.3.png,,,,,20
"085645754384, Pom Mini Murah, Produsen Pom Mini Digital",0,0,Peralatan,Baru,"agen pom mini termurah, pom mini, pertamini, pom mini 1 nozle, pom mini 2 nozle Pabrik Pom mini digital ""ELMARITSA DIGITAL""",ed,"Gucialit, East Java",F:\Gambar Pom Mini\Pom Mini\STOK FOTO\2024\1.3.png,,,,,20
"085645754384, Pom Mini Murah, Produsen Pom Mini Digital",0,0,Peralatan,Baru,"agen pom mini termurah, pom mini, pertamini, pom mini 1 nozle, pom mini 2 nozle Pabrik Pom mini digital ""ELMARITSA DIGITAL""",ed,"Jatiroto, Jawa Timur, Indonesia",F:\Gambar Pom Mini\Pom Mini\STOK FOTO\2024\1.3.png,,,,,20
"085645754384, Pom Mini Murah, Produsen Pom Mini Digital",0,0,Peralatan,Baru,"agen pom mini termurah, pom mini, pertamini, pom mini 1 nozle, pom mini 2 nozle Pabrik Pom mini digital ""ELMARITSA DIGITAL""",ed,"Kedungjajang, Jawa Timur, Indonesia",F:\Gambar Pom Mini\Pom Mini\STOK FOTO\2024\1.3.png,,,,,20
"085645754384, Pom Mini Murah, Produsen Pom Mini Digital",0,0,Peralatan,Baru,"agen pom mini termurah, pom mini, pertamini, pom mini 1 nozle, pom mini 2 nozle Pabrik Pom mini digital ""ELMARITSA DIGITAL""",ed,"Klakah, Jawa Timur, Indonesia",F:\Gambar Pom Mini\Pom Mini\STOK FOTO\2024\1.3.png,,,,,20
"085645754384, Pom Mini Murah, Produsen Pom Mini Digital",0,0,Peralatan,Baru,"agen pom mini termurah, pom mini, pertamini, pom mini 1 nozle, pom mini 2 nozle Pabrik Pom mini digital ""ELMARITSA DIGITAL""",ed,Lumajang,F:\Gambar Pom Mini\Pom Mini\STOK FOTO\2024\1.3.png,,,,,20
"085645754384, Pom Mini Murah, Produsen Pom Mini Digital",0,0,Peralatan,Baru,"agen pom mini termurah, pom mini, pertamini, pom mini 1 nozle, pom mini 2 nozle Pabrik Pom mini digital ""ELMARITSA DIGITAL""",ed,"Padang, East Java",F:\Gambar Pom Mini\Pom Mini\STOK FOTO\2024\1.3.png,,,,,20
"085645754384, Pom Mini Murah, Produsen Pom Mini Digital",0,0,Peralatan,Baru,"agen pom mini termurah, pom mini, pertamini, pom mini 1 nozle, pom mini 2 nozle Pabrik Pom mini digital ""ELMARITSA DIGITAL""",ed,"Pasirian, Jawa Timur, Indonesia",F:\Gambar Pom Mini\Pom Mini\STOK FOTO\2024\1.3.png,,,,,20
"085645754384, Pom Mini Murah, Produsen Pom Mini Digital",0,0,Peralatan,Baru,"agen pom mini termurah, pom mini, pertamini, pom mini 1 nozle, pom mini 2 nozle Pabrik Pom mini digital ""ELMARITSA DIGITAL""",ed,Pasrujambe,F:\Gambar Pom Mini\Pom Mini\STOK FOTO\2024\1.3.png,,,,,20
"085645754384, Pom Mini Murah, Produsen Pom Mini Digital",0,0,Peralatan,Baru,"agen pom mini termurah, pom mini, pertamini, pom mini 1 nozle, pom mini 2 nozle Pabrik Pom mini digital ""ELMARITSA DIGITAL""",ed,"Pronojiwo, Jawa Timur, Indonesia",F:\Gambar Pom Mini\Pom Mini\STOK FOTO\2024\1.3.png,,,,,20
"085645754384, Pom Mini Murah, Produsen Pom Mini Digital",0,0,Peralatan,Baru,"agen pom mini termurah, pom mini, pertamini, pom mini 1 nozle, pom mini 2 nozle Pabrik Pom mini digital ""ELMARITSA DIGITAL""",ed,"Randuagung, Jawa Timur, Indonesia",F:\Gambar Pom Mini\Pom Mini\STOK FOTO\2024\1.3.png,,,,,20
"085645754384, Pom Mini Murah, Produsen Pom Mini Digital",0,0,Peralatan,Baru,"agen pom mini termurah, pom mini, pertamini, pom mini 1 nozle, pom mini 2 nozle Pabrik Pom mini digital ""ELMARITSA DIGITAL""",ed,"Ranuyoso, Jawa Timur, Indonesia",F:\Gambar Pom Mini\Pom Mini\STOK FOTO\2024\1.3.png,,,,,20
"085645754384, Pom Mini Murah, Produsen Pom Mini Digital",0,0,Peralatan,Baru,"agen pom mini termurah, pom mini, pertamini, pom mini 1 nozle, pom mini 2 nozle Pabrik Pom mini digital ""ELMARITSA DIGITAL""",ed,"Sidorejo,rowokangkung,lumajang,JATIM",F:\Gambar Pom Mini\Pom Mini\STOK FOTO\2024\1.3.png,,,,,20
"085645754384, Pom Mini Murah, Produsen Pom Mini Digital",0,0,Peralatan,Baru,"agen pom mini termurah, pom mini, pertamini, pom mini 1 nozle, pom mini 2 nozle Pabrik Pom mini digital ""ELMARITSA DIGITAL""",ed,"Senduro, Jawa Timur, Indonesia",F:\Gambar Pom Mini\Pom Mini\STOK FOTO\2024\1.3.png,,,,,20
"085645754384, Pom Mini Murah, Produsen Pom Mini Digital",0,0,Peralatan,Baru,"agen pom mini termurah, pom mini, pertamini, pom mini 1 nozle, pom mini 2 nozle Pabrik Pom mini digital ""ELMARITSA DIGITAL""",ed,"Tempeh, Jawa Timur, Indonesia",F:\Gambar Pom Mini\Pom Mini\STOK FOTO\2024\1.3.png,,,,,20
